order_id,customer_name,sku_id,order_quantity,order_date,promised_dispatch_date,actual_dispatch_date,status,warehouse_zone,delay_days,priority,delay_reason,estimated_delivery_km,delivery_cost,route_id,vehicle_type
ORD-10000,Boat Lifestyle,SKU-1258,28,2026-05-06,2026-05-10,2026-05-10,Delivered,Z-C,0,High,,177,513.14,RT-10,Mini Truck
ORD-10001,Lenskart,SKU-1204,72,2026-05-11,2026-05-15,,Pending,Z-C,0,High,Route Blocked,291,827.03,RT-07,LCV
ORD-10002,Boat Lifestyle,SKU-1100,148,2026-04-24,2026-04-29,2026-04-25,Delivered,Z-E,0,Medium,,170,646.18,RT-10,HCV
ORD-10003,Reliance Retail,SKU-1057,176,2026-04-30,2026-05-04,2026-05-02,Dispatched,Z-F,0,Medium,,309,986.35,RT-05,HCV
ORD-10004,Snapdeal,SKU-1179,162,2026-04-17,2026-04-21,,Pending,Z-H,22,High,Vehicle Breakdown,107,488.84,RT-03,HCV
ORD-10005,Reliance Retail,SKU-1057,194,2026-05-12,2026-05-14,,Cancelled,Z-C,0,Medium,,12,165.82,RT-02,HCV
ORD-10006,Urban Company,SKU-1230,125,2026-05-13,2026-05-16,2026-05-16,Delivered,Z-D,0,High,,284,890.82,RT-05,HCV
ORD-10007,Lenskart,SKU-1247,164,2026-04-20,2026-04-22,2026-04-28,Delayed,Z-A,6,Medium,Stock Unavailable,135,430.08,RT-05,HCV
ORD-10008,Myntra,SKU-1138,18,2026-04-29,2026-04-30,2026-04-30,Delivered,Z-F,0,High,,14,158.12,RT-11,Three Wheeler
ORD-10009,Nykaa,SKU-1194,135,2026-04-21,2026-04-22,,Cancelled,Z-H,0,Low,,277,764.51,RT-04,HCV
ORD-10010,FirstCry,SKU-1234,148,2026-04-14,2026-04-15,2026-04-15,Delivered,Z-F,0,Medium,,206,751.1,RT-01,HCV
ORD-10011,Blinkit,SKU-1180,95,2026-04-23,2026-04-26,2026-04-26,Delivered,Z-E,0,High,,325,926.92,RT-07,LCV
ORD-10012,Amazon India,SKU-1284,76,2026-05-06,2026-05-08,2026-05-10,Dispatched,Z-C,2,High,,378,1090.55,RT-11,LCV
ORD-10013,Mamaearth,SKU-1116,111,2026-05-06,2026-05-11,2026-05-09,Delivered,Z-F,0,Medium,,282,787.94,RT-11,HCV
ORD-10014,DMart,SKU-1297,143,2026-04-22,2026-04-24,,Cancelled,Z-E,0,Low,,366,1189.66,RT-03,HCV
ORD-10015,Tata Cliq,SKU-1074,172,2026-04-14,2026-04-19,,Cancelled,Z-F,0,High,,290,908.24,RT-12,HCV
ORD-10016,BigBasket,SKU-1094,86,2026-04-17,2026-04-19,2026-04-26,Delayed,Z-F,7,High,Weather Disruption,231,813.9,RT-11,LCV
ORD-10017,Pharmeasy,SKU-1077,53,2026-05-10,2026-05-12,2026-05-12,Delivered,Z-D,0,Low,,123,415.23,RT-01,LCV
ORD-10018,Blinkit,SKU-1040,181,2026-04-19,2026-04-23,2026-04-23,Delivered,Z-F,0,High,,441,1249.37,RT-08,HCV
ORD-10019,DMart,SKU-1083,54,2026-05-06,2026-05-07,2026-05-07,Dispatched,Z-E,0,Medium,,118,530.59,RT-04,LCV
ORD-10020,Myntra,SKU-1033,50,2026-04-14,2026-04-18,,Cancelled,Z-H,0,Low,,171,694.19,RT-04,Three Wheeler
ORD-10021,JioMart,SKU-1021,160,2026-04-20,2026-04-24,2026-04-28,Delayed,Z-A,4,High,Route Blocked,238,851.75,RT-01,HCV
ORD-10022,Nykaa,SKU-1265,142,2026-05-01,2026-05-02,,Pending,Z-A,11,High,Weather Disruption,230,724.51,RT-05,HCV
ORD-10023,Urban Company,SKU-1236,47,2026-04-30,2026-05-03,,Pending,Z-A,10,Low,Picker Shortage,242,862.47,RT-08,Mini Truck
ORD-10024,FirstCry,SKU-1057,51,2026-04-19,2026-04-24,,Cancelled,Z-C,0,Medium,,216,670.87,RT-01,LCV
ORD-10025,Snapdeal,SKU-1232,156,2026-04-15,2026-04-17,,Cancelled,Z-B,0,Medium,,170,647.93,RT-12,HCV
ORD-10026,Snapdeal,SKU-1063,28,2026-05-10,2026-05-14,,Pending,Z-B,0,Low,Documentation Error,377,1190.27,RT-09,Mini Truck
ORD-10027,JioMart,SKU-1281,102,2026-05-12,2026-05-14,,Cancelled,Z-C,0,High,,449,1208.65,RT-12,HCV
ORD-10028,Flipkart,SKU-1214,83,2026-05-04,2026-05-08,2026-05-06,Delivered,Z-B,0,High,,496,1340.71,RT-10,LCV
ORD-10029,Pharmeasy,SKU-1006,122,2026-04-28,2026-05-02,,Pending,Z-A,11,Low,Route Blocked,126,419.22,RT-11,HCV
ORD-10030,Meesho,SKU-1232,109,2026-04-29,2026-04-30,,Pending,Z-A,13,High,Weather Disruption,322,1012.16,RT-04,HCV
ORD-10031,Flipkart,SKU-1094,42,2026-05-12,2026-05-15,2026-05-13,Delivered,Z-E,0,Medium,,476,1261.93,RT-02,Three Wheeler
ORD-10032,Snapdeal,SKU-1082,177,2026-05-04,2026-05-09,2026-05-15,Delayed,Z-C,6,Medium,Loading Bay Bottleneck,481,1261.46,RT-05,HCV
ORD-10033,Swiggy Instamart,SKU-1188,102,2026-04-17,2026-04-18,2026-04-25,Delayed,Z-B,7,High,Picker Shortage,67,391.15,RT-05,HCV
ORD-10034,Swiggy Instamart,SKU-1269,110,2026-04-27,2026-04-29,2026-05-04,Delayed,Z-A,5,Medium,Zone Congestion,252,861.02,RT-10,HCV
ORD-10035,Urban Company,SKU-1218,160,2026-04-16,2026-04-19,2026-04-19,Delivered,Z-F,0,High,,319,988.16,RT-09,HCV
ORD-10036,Meesho,SKU-1252,51,2026-04-15,2026-04-20,2026-04-18,Delivered,Z-D,0,High,,65,218.5,RT-11,LCV
ORD-10037,BigBasket,SKU-1106,162,2026-04-30,2026-05-04,2026-05-03,Delivered,Z-D,0,High,,332,930.3,RT-05,HCV
ORD-10038,Pharmeasy,SKU-1034,83,2026-05-04,2026-05-09,,Pending,Z-A,4,High,Loading Bay Bottleneck,179,596.51,RT-10,LCV
ORD-10039,Mamaearth,SKU-1014,49,2026-05-07,2026-05-10,2026-05-16,Delayed,Z-H,6,High,Picker Shortage,251,716.35,RT-08,Three Wheeler
ORD-10040,Ajio,SKU-1211,195,2026-05-12,2026-05-17,2026-05-15,Delivered,Z-A,0,High,,300,971.37,RT-06,HCV
ORD-10041,Reliance Retail,SKU-1076,76,2026-04-17,2026-04-18,2026-04-19,Dispatched,Z-C,1,Low,,315,934.89,RT-10,LCV
ORD-10042,BigBasket,SKU-1157,185,2026-04-16,2026-04-19,2026-04-22,Delayed,Z-G,3,High,Vehicle Breakdown,195,650.48,RT-05,HCV
ORD-10043,Myntra,SKU-1268,82,2026-05-08,2026-05-09,2026-05-09,Dispatched,Z-D,0,High,,232,756.5,RT-08,LCV
ORD-10044,FirstCry,SKU-1078,53,2026-05-03,2026-05-07,2026-05-12,Delayed,Z-E,5,High,Zone Congestion,425,1358.07,RT-09,LCV
ORD-10045,DMart,SKU-1105,190,2026-05-12,2026-05-16,2026-05-17,Dispatched,Z-B,1,High,,164,693.08,RT-11,HCV
ORD-10046,Mamaearth,SKU-1044,90,2026-04-29,2026-04-30,2026-04-30,Delivered,Z-A,0,Low,,393,1110.54,RT-04,LCV
ORD-10047,Swiggy Instamart,SKU-1102,54,2026-05-04,2026-05-07,,Pending,Z-H,6,Low,Zone Congestion,144,447.33,RT-05,LCV
ORD-10048,BigBasket,SKU-1007,164,2026-04-26,2026-05-01,2026-05-01,Delivered,Z-F,0,Low,,168,537.76,RT-12,HCV
ORD-10049,Urban Company,SKU-1293,67,2026-05-08,2026-05-09,2026-05-10,Dispatched,Z-H,1,High,,71,234.75,RT-11,LCV
ORD-10050,Flipkart,SKU-1054,103,2026-05-12,2026-05-13,2026-05-13,Dispatched,Z-H,0,Low,,187,595.61,RT-04,HCV
ORD-10051,Lenskart,SKU-1040,198,2026-04-19,2026-04-23,,Pending,Z-B,20,Low,Route Blocked,54,298.9,RT-11,HCV
ORD-10052,Ajio,SKU-1240,64,2026-04-13,2026-04-15,2026-04-15,Delivered,Z-F,0,Medium,,98,469.9,RT-11,LCV
ORD-10053,Swiggy Instamart,SKU-1166,121,2026-04-28,2026-04-29,2026-04-29,Delivered,Z-F,0,Medium,,241,863.94,RT-05,HCV
ORD-10054,Blinkit,SKU-1294,37,2026-04-27,2026-04-28,2026-04-30,Dispatched,Z-B,2,Medium,,289,934.86,RT-05,Three Wheeler
ORD-10055,JioMart,SKU-1211,66,2026-04-24,2026-04-26,,Pending,Z-H,17,Medium,Zone Congestion,179,549.56,RT-12,LCV
ORD-10056,Boat Lifestyle,SKU-1220,116,2026-04-25,2026-04-28,,Pending,Z-D,15,High,Zone Congestion,383,1240.22,RT-10,HCV
ORD-10057,Meesho,SKU-1058,156,2026-04-24,2026-04-28,2026-04-25,Dispatched,Z-H,0,High,,162,693.97,RT-02,HCV
ORD-10058,Mamaearth,SKU-1055,180,2026-04-17,2026-04-22,2026-04-26,Delayed,Z-F,4,Medium,Stock Unavailable,51,231.9,RT-03,HCV
ORD-10059,Boat Lifestyle,SKU-1000,198,2026-05-09,2026-05-11,,Pending,Z-E,2,Medium,Route Blocked,105,363.92,RT-06,HCV
ORD-10060,Urban Company,SKU-1291,178,2026-05-04,2026-05-08,2026-05-11,Delayed,Z-B,3,High,Documentation Error,438,1176.89,RT-05,HCV
ORD-10061,Flipkart,SKU-1189,145,2026-04-13,2026-04-14,2026-04-14,Delivered,Z-B,0,Medium,,448,1177.8,RT-07,HCV
ORD-10062,Boat Lifestyle,SKU-1201,165,2026-05-03,2026-05-07,2026-05-07,Dispatched,Z-D,0,Low,,93,401.22,RT-04,HCV
ORD-10063,Lenskart,SKU-1196,97,2026-04-17,2026-04-21,2026-04-19,Delivered,Z-C,0,High,,41,314.6,RT-03,LCV
ORD-10064,Meesho,SKU-1223,39,2026-05-11,2026-05-13,,Pending,Z-G,0,Medium,Documentation Error,324,904.95,RT-09,Three Wheeler
ORD-10065,Lenskart,SKU-1230,103,2026-05-02,2026-05-04,2026-05-03,Delivered,Z-H,0,Low,,126,543.03,RT-05,HCV
ORD-10066,Tata Cliq,SKU-1279,152,2026-05-02,2026-05-03,,Cancelled,Z-H,0,Low,,193,560.79,RT-08,HCV
ORD-10067,Reliance Retail,SKU-1072,191,2026-04-20,2026-04-25,,Cancelled,Z-E,0,Medium,,269,742.06,RT-10,HCV
ORD-10068,Reliance Retail,SKU-1125,125,2026-04-23,2026-04-24,2026-04-29,Delayed,Z-E,5,High,Loading Bay Bottleneck,278,939.63,RT-08,HCV
ORD-10069,Ajio,SKU-1262,125,2026-04-25,2026-04-28,2026-04-28,Dispatched,Z-E,0,High,,23,281.26,RT-10,HCV
ORD-10070,Urban Company,SKU-1288,71,2026-05-12,2026-05-16,,Pending,Z-A,0,Low,Weather Disruption,419,1281.85,RT-01,LCV
ORD-10071,Urban Company,SKU-1248,26,2026-05-09,2026-05-14,2026-05-12,Delivered,Z-E,0,High,,320,920.24,RT-05,Mini Truck
ORD-10072,BigBasket,SKU-1089,156,2026-04-20,2026-04-22,2026-04-25,Delayed,Z-C,3,Medium,Vehicle Breakdown,253,727.7,RT-09,HCV
ORD-10073,Flipkart,SKU-1175,26,2026-04-13,2026-04-15,,Pending,Z-C,28,Medium,Documentation Error,399,1143.29,RT-11,Three Wheeler
ORD-10074,Snapdeal,SKU-1107,152,2026-04-20,2026-04-23,2026-04-22,Delivered,Z-B,0,High,,90,391.0,RT-08,HCV
ORD-10075,Urban Company,SKU-1243,196,2026-04-13,2026-04-18,2026-04-17,Delivered,Z-H,0,Medium,,79,380.11,RT-07,HCV
ORD-10076,Amazon India,SKU-1147,119,2026-05-01,2026-05-04,,Cancelled,Z-A,0,High,,474,1367.82,RT-06,HCV
ORD-10077,Tata Cliq,SKU-1139,90,2026-05-05,2026-05-08,2026-05-11,Delayed,Z-G,3,Medium,Vehicle Breakdown,380,1167.97,RT-04,LCV
ORD-10078,FirstCry,SKU-1172,178,2026-04-21,2026-04-23,2026-04-22,Dispatched,Z-A,0,High,,11,180.31,RT-09,HCV
ORD-10079,BigBasket,SKU-1228,94,2026-05-06,2026-05-09,2026-05-07,Delivered,Z-A,0,Low,,52,194.22,RT-10,LCV
ORD-10080,Myntra,SKU-1062,186,2026-04-13,2026-04-14,2026-04-14,Delivered,Z-G,0,Low,,396,1264.97,RT-10,HCV
ORD-10081,Snapdeal,SKU-1056,183,2026-05-08,2026-05-11,2026-05-11,Delivered,Z-B,0,Low,,237,873.17,RT-05,HCV
ORD-10082,Tata Cliq,SKU-1165,70,2026-05-08,2026-05-09,2026-05-09,Delivered,Z-G,0,Medium,,175,736.49,RT-05,LCV
ORD-10083,Pharmeasy,SKU-1091,117,2026-05-11,2026-05-15,,Cancelled,Z-D,0,Low,,206,609.61,RT-08,HCV
ORD-10084,BigBasket,SKU-1073,143,2026-04-19,2026-04-23,2026-04-20,Delivered,Z-H,0,Low,,137,418.32,RT-02,HCV
ORD-10085,Reliance Retail,SKU-1292,191,2026-05-05,2026-05-09,2026-05-09,Delivered,Z-C,0,Low,,332,880.22,RT-01,HCV
ORD-10086,JioMart,SKU-1136,43,2026-04-21,2026-04-24,,Cancelled,Z-A,0,Low,,367,1202.48,RT-08,Three Wheeler
ORD-10087,Tata Cliq,SKU-1206,191,2026-04-19,2026-04-20,,Pending,Z-A,23,Medium,Route Blocked,67,359.31,RT-06,HCV
ORD-10088,Swiggy Instamart,SKU-1155,107,2026-05-12,2026-05-13,2026-05-14,Dispatched,Z-B,1,Medium,,394,1226.63,RT-11,HCV
ORD-10089,Myntra,SKU-1090,146,2026-05-12,2026-05-16,2026-05-19,Delayed,Z-G,3,Medium,Loading Bay Bottleneck,254,706.22,RT-11,HCV
ORD-10090,Ajio,SKU-1097,40,2026-05-12,2026-05-14,2026-05-13,Delivered,Z-H,0,Medium,,37,340.68,RT-11,Three Wheeler
ORD-10091,Meesho,SKU-1273,120,2026-04-13,2026-04-14,2026-04-14,Delivered,Z-F,0,Low,,26,216.38,RT-04,HCV
ORD-10092,FirstCry,SKU-1234,178,2026-04-16,2026-04-21,2026-04-21,Delivered,Z-D,0,High,,23,291.36,RT-08,HCV
ORD-10093,Amazon India,SKU-1241,163,2026-05-12,2026-05-14,2026-05-16,Delayed,Z-A,2,Medium,Stock Unavailable,468,1296.83,RT-02,HCV
ORD-10094,Ajio,SKU-1087,156,2026-05-11,2026-05-12,2026-05-12,Delivered,Z-B,0,High,,223,691.84,RT-12,HCV
ORD-10095,JioMart,SKU-1166,35,2026-04-22,2026-04-27,,Pending,Z-F,16,High,Stock Unavailable,308,863.36,RT-02,Mini Truck
ORD-10096,Pharmeasy,SKU-1072,198,2026-04-30,2026-05-02,2026-05-07,Delayed,Z-C,5,High,Stock Unavailable,73,257.49,RT-11,HCV
ORD-10097,Mamaearth,SKU-1192,45,2026-05-13,2026-05-17,2026-05-14,Delivered,Z-C,0,High,,366,1127.94,RT-05,Three Wheeler
ORD-10098,Meesho,SKU-1064,57,2026-05-09,2026-05-12,,Pending,Z-G,1,High,Picker Shortage,317,1015.42,RT-10,LCV
ORD-10099,Snapdeal,SKU-1255,161,2026-04-13,2026-04-14,,Pending,Z-E,29,Medium,Documentation Error,7,206.93,RT-04,HCV
ORD-10100,BigBasket,SKU-1271,29,2026-04-24,2026-04-27,,Cancelled,Z-D,0,Medium,,399,1204.12,RT-04,Three Wheeler
ORD-10101,Flipkart,SKU-1099,33,2026-04-18,2026-04-20,2026-04-24,Delayed,Z-H,4,High,Stock Unavailable,32,291.22,RT-05,Mini Truck
ORD-10102,Tata Cliq,SKU-1128,90,2026-04-24,2026-04-28,2026-04-25,Delivered,Z-C,0,High,,407,1074.77,RT-09,LCV
ORD-10103,BigBasket,SKU-1036,65,2026-04-20,2026-04-24,,Pending,Z-F,19,Medium,Vehicle Breakdown,387,1186.71,RT-06,LCV
ORD-10104,Nykaa,SKU-1056,88,2026-05-06,2026-05-07,2026-05-07,Delivered,Z-D,0,Medium,,461,1257.67,RT-08,LCV
ORD-10105,Boat Lifestyle,SKU-1248,18,2026-04-15,2026-04-19,2026-04-19,Delivered,Z-C,0,Medium,,196,574.1,RT-12,Two Wheeler
ORD-10106,Blinkit,SKU-1138,56,2026-05-03,2026-05-05,2026-05-04,Delivered,Z-E,0,High,,61,415.41,RT-08,LCV
ORD-10107,Tata Cliq,SKU-1087,199,2026-05-03,2026-05-05,,Cancelled,Z-C,0,Low,,492,1432.88,RT-03,HCV
ORD-10108,Boat Lifestyle,SKU-1283,63,2026-05-11,2026-05-15,,Cancelled,Z-H,0,High,,307,935.87,RT-08,LCV
ORD-10109,Pharmeasy,SKU-1007,191,2026-04-30,2026-05-02,2026-05-02,Delivered,Z-D,0,Low,,489,1309.74,RT-10,HCV
ORD-10110,Amazon India,SKU-1213,16,2026-05-12,2026-05-16,2026-05-21,Delayed,Z-A,5,Medium,Documentation Error,250,877.43,RT-12,Two Wheeler
ORD-10111,Ajio,SKU-1253,66,2026-05-11,2026-05-16,2026-05-22,Delayed,Z-G,6,High,Loading Bay Bottleneck,156,499.77,RT-02,LCV
ORD-10112,Amazon India,SKU-1245,176,2026-05-04,2026-05-06,2026-05-13,Delayed,Z-A,7,High,Picker Shortage,452,1355.78,RT-03,HCV
ORD-10113,Blinkit,SKU-1237,185,2026-04-23,2026-04-24,,Cancelled,Z-B,0,Medium,,462,1377.69,RT-09,HCV
ORD-10114,Flipkart,SKU-1151,114,2026-04-19,2026-04-22,2026-04-27,Delayed,Z-D,5,High,Loading Bay Bottleneck,381,1235.56,RT-09,HCV
ORD-10115,Blinkit,SKU-1026,33,2026-05-01,2026-05-04,,Pending,Z-A,9,Medium,Loading Bay Bottleneck,94,447.04,RT-12,Mini Truck
ORD-10116,Lenskart,SKU-1104,40,2026-05-03,2026-05-05,,Pending,Z-H,8,Low,Vehicle Breakdown,390,1211.25,RT-04,Three Wheeler
ORD-10117,Blinkit,SKU-1136,133,2026-04-22,2026-04-26,2026-04-23,Delivered,Z-F,0,Medium,,236,761.56,RT-09,HCV
ORD-10118,BigBasket,SKU-1240,186,2026-04-26,2026-05-01,,Cancelled,Z-H,0,Low,,193,732.48,RT-12,HCV
ORD-10119,Reliance Retail,SKU-1096,122,2026-05-11,2026-05-12,2026-05-12,Dispatched,Z-E,0,High,,60,241.19,RT-02,HCV
ORD-10120,DMart,SKU-1254,43,2026-04-16,2026-04-18,,Pending,Z-A,25,Medium,Documentation Error,354,1070.36,RT-03,Three Wheeler
ORD-10121,Blinkit,SKU-1215,118,2026-04-20,2026-04-21,2026-04-21,Delivered,Z-A,0,High,,432,1366.86,RT-11,HCV
ORD-10122,Swiggy Instamart,SKU-1210,153,2026-05-03,2026-05-06,,Pending,Z-H,7,Medium,Weather Disruption,295,820.49,RT-05,HCV
ORD-10123,Snapdeal,SKU-1133,63,2026-04-28,2026-05-01,,Cancelled,Z-A,0,High,,185,583.6,RT-03,LCV
ORD-10124,Mamaearth,SKU-1082,187,2026-04-26,2026-04-29,2026-04-27,Delivered,Z-C,0,High,,126,394.23,RT-06,HCV
ORD-10125,Boat Lifestyle,SKU-1064,117,2026-05-05,2026-05-08,2026-05-08,Delivered,Z-A,0,Low,,167,712.01,RT-03,HCV
ORD-10126,Blinkit,SKU-1229,143,2026-05-08,2026-05-13,2026-05-09,Dispatched,Z-G,0,Medium,,398,1081.35,RT-08,HCV
ORD-10127,Swiggy Instamart,SKU-1079,6,2026-04-20,2026-04-25,,Cancelled,Z-F,0,Low,,366,1038.89,RT-05,Two Wheeler
ORD-10128,Boat Lifestyle,SKU-1226,91,2026-04-21,2026-04-22,2026-04-23,Delayed,Z-C,1,Medium,Zone Congestion,162,461.2,RT-10,LCV
ORD-10129,Nykaa,SKU-1228,96,2026-05-11,2026-05-14,2026-05-14,Delivered,Z-D,0,Low,,274,790.54,RT-05,LCV
ORD-10130,Myntra,SKU-1011,26,2026-04-26,2026-04-30,2026-05-01,Delayed,Z-G,1,High,Loading Bay Bottleneck,313,983.77,RT-01,Three Wheeler
ORD-10131,JioMart,SKU-1075,188,2026-04-16,2026-04-20,2026-04-19,Dispatched,Z-A,0,Medium,,181,590.34,RT-08,HCV
ORD-10132,Lenskart,SKU-1044,60,2026-04-20,2026-04-24,2026-04-28,Delayed,Z-H,4,High,Documentation Error,378,1219.11,RT-03,LCV
ORD-10133,Boat Lifestyle,SKU-1044,41,2026-05-07,2026-05-10,,Pending,Z-F,3,High,Documentation Error,50,176.65,RT-11,Three Wheeler
ORD-10134,Tata Cliq,SKU-1089,147,2026-04-29,2026-05-04,2026-05-06,Delayed,Z-D,2,High,Weather Disruption,288,892.65,RT-05,HCV
ORD-10135,Boat Lifestyle,SKU-1155,131,2026-04-26,2026-04-30,2026-04-27,Delivered,Z-C,0,Medium,,158,684.01,RT-11,HCV
ORD-10136,Meesho,SKU-1063,172,2026-04-22,2026-04-25,2026-04-26,Dispatched,Z-D,1,High,,66,406.18,RT-08,HCV
ORD-10137,Reliance Retail,SKU-1185,153,2026-04-28,2026-05-03,2026-05-01,Dispatched,Z-H,0,Low,,423,1137.4,RT-09,HCV
ORD-10138,Boat Lifestyle,SKU-1008,71,2026-05-08,2026-05-13,2026-05-11,Delivered,Z-H,0,Low,,74,324.35,RT-01,LCV
ORD-10139,Pharmeasy,SKU-1184,112,2026-04-23,2026-04-26,2026-04-25,Delivered,Z-B,0,Low,,104,501.61,RT-03,HCV
ORD-10140,BigBasket,SKU-1085,144,2026-05-03,2026-05-06,2026-05-12,Delayed,Z-E,6,Medium,Loading Bay Bottleneck,54,318.61,RT-06,HCV
ORD-10141,DMart,SKU-1006,40,2026-04-27,2026-04-30,2026-05-01,Dispatched,Z-G,1,Medium,,476,1467.7,RT-02,Mini Truck
ORD-10142,DMart,SKU-1257,61,2026-04-17,2026-04-19,2026-04-24,Delayed,Z-B,5,High,Zone Congestion,64,414.71,RT-01,LCV
ORD-10143,Meesho,SKU-1178,84,2026-04-21,2026-04-24,2026-04-23,Delivered,Z-F,0,High,,368,1046.17,RT-12,LCV
ORD-10144,BigBasket,SKU-1113,37,2026-04-16,2026-04-18,2026-04-21,Delayed,Z-C,3,High,Zone Congestion,222,777.7,RT-02,Mini Truck
ORD-10145,Amazon India,SKU-1247,198,2026-04-30,2026-05-01,2026-05-01,Delivered,Z-A,0,Medium,,65,439.63,RT-01,HCV
ORD-10146,Reliance Retail,SKU-1154,175,2026-05-13,2026-05-14,2026-05-19,Delayed,Z-D,5,High,Picker Shortage,348,1007.88,RT-02,HCV
ORD-10147,DMart,SKU-1142,153,2026-05-02,2026-05-05,2026-05-05,Delivered,Z-D,0,Low,,296,807.08,RT-10,HCV
ORD-10148,Amazon India,SKU-1270,60,2026-04-21,2026-04-23,,Cancelled,Z-C,0,Low,,7,310.89,RT-02,LCV
ORD-10149,Myntra,SKU-1258,186,2026-04-28,2026-05-01,2026-05-03,Delayed,Z-H,2,High,Picker Shortage,432,1218.71,RT-07,HCV
ORD-10150,Tata Cliq,SKU-1109,136,2026-05-06,2026-05-10,2026-05-09,Delivered,Z-B,0,Medium,,61,332.43,RT-08,HCV
ORD-10151,Blinkit,SKU-1147,147,2026-04-20,2026-04-21,2026-04-21,Delivered,Z-B,0,Medium,,150,539.24,RT-12,HCV
ORD-10152,Urban Company,SKU-1227,62,2026-04-26,2026-04-30,2026-04-30,Delivered,Z-D,0,High,,463,1417.76,RT-08,LCV
ORD-10153,Blinkit,SKU-1091,8,2026-04-22,2026-04-26,2026-04-30,Delayed,Z-H,4,Medium,Zone Congestion,66,250.84,RT-07,Two Wheeler
ORD-10154,Snapdeal,SKU-1033,98,2026-05-07,2026-05-10,2026-05-09,Delivered,Z-B,0,High,,434,1241.18,RT-08,LCV
ORD-10155,Pharmeasy,SKU-1297,156,2026-05-05,2026-05-09,2026-05-11,Dispatched,Z-G,2,Medium,,266,784.72,RT-08,HCV
ORD-10156,BigBasket,SKU-1062,69,2026-04-28,2026-05-02,2026-04-30,Delivered,Z-A,0,High,,382,1018.21,RT-02,LCV
ORD-10157,Meesho,SKU-1013,50,2026-05-01,2026-05-06,2026-05-08,Delayed,Z-E,2,Medium,Zone Congestion,394,1054.13,RT-09,Three Wheeler
ORD-10158,Ajio,SKU-1103,80,2026-04-22,2026-04-26,,Pending,Z-E,17,Low,Loading Bay Bottleneck,419,1312.42,RT-09,LCV
ORD-10159,Amazon India,SKU-1016,115,2026-04-15,2026-04-16,2026-04-17,Dispatched,Z-G,1,Medium,,240,659.0,RT-03,HCV
ORD-10160,Lenskart,SKU-1155,185,2026-05-08,2026-05-12,2026-05-11,Dispatched,Z-G,0,Medium,,396,1067.35,RT-11,HCV
ORD-10161,Meesho,SKU-1283,180,2026-04-26,2026-05-01,,Pending,Z-C,12,Low,Stock Unavailable,205,628.35,RT-10,HCV
ORD-10162,JioMart,SKU-1180,77,2026-05-03,2026-05-04,2026-05-04,Delivered,Z-C,0,Medium,,183,709.89,RT-10,LCV
ORD-10163,Amazon India,SKU-1174,102,2026-05-10,2026-05-14,2026-05-13,Dispatched,Z-G,0,Medium,,33,297.81,RT-04,HCV
ORD-10164,Nykaa,SKU-1159,156,2026-05-11,2026-05-12,,Cancelled,Z-B,0,Medium,,91,282.43,RT-06,HCV
ORD-10165,Flipkart,SKU-1235,173,2026-04-16,2026-04-20,,Pending,Z-G,23,Medium,Stock Unavailable,361,1069.92,RT-01,HCV
ORD-10166,Swiggy Instamart,SKU-1193,151,2026-05-01,2026-05-04,,Pending,Z-H,9,High,Vehicle Breakdown,177,616.68,RT-11,HCV
ORD-10167,Swiggy Instamart,SKU-1085,162,2026-05-04,2026-05-07,,Cancelled,Z-D,0,Medium,,330,1086.83,RT-02,HCV
ORD-10168,Lenskart,SKU-1109,78,2026-05-05,2026-05-06,2026-05-06,Delivered,Z-D,0,Low,,385,1251.99,RT-12,LCV
ORD-10169,Boat Lifestyle,SKU-1048,156,2026-05-03,2026-05-06,2026-05-06,Delivered,Z-H,0,Medium,,112,416.83,RT-02,HCV
ORD-10170,Urban Company,SKU-1258,81,2026-04-30,2026-05-05,2026-05-04,Dispatched,Z-G,0,Medium,,324,988.84,RT-11,LCV
ORD-10171,Lenskart,SKU-1092,9,2026-04-23,2026-04-28,,Cancelled,Z-H,0,High,,343,1148.03,RT-12,Three Wheeler
ORD-10172,Pharmeasy,SKU-1272,162,2026-04-16,2026-04-20,,Cancelled,Z-A,0,Low,,107,408.57,RT-03,HCV
ORD-10173,Nykaa,SKU-1077,196,2026-04-22,2026-04-25,2026-04-29,Delayed,Z-F,4,Medium,Vehicle Breakdown,438,1248.11,RT-05,HCV
ORD-10174,Snapdeal,SKU-1131,180,2026-04-24,2026-04-26,2026-04-25,Dispatched,Z-C,0,High,,19,158.9,RT-05,HCV
ORD-10175,Ajio,SKU-1248,148,2026-04-30,2026-05-04,,Pending,Z-A,9,High,Picker Shortage,144,444.11,RT-05,HCV
ORD-10176,Pharmeasy,SKU-1281,50,2026-04-23,2026-04-24,,Cancelled,Z-H,0,High,,33,347.4,RT-02,Three Wheeler
ORD-10177,Mamaearth,SKU-1152,21,2026-04-15,2026-04-19,,Cancelled,Z-B,0,Medium,,487,1477.45,RT-03,Mini Truck
ORD-10178,BigBasket,SKU-1292,193,2026-04-27,2026-04-28,,Pending,Z-E,15,Medium,Zone Congestion,126,514.96,RT-06,HCV
ORD-10179,Swiggy Instamart,SKU-1299,193,2026-05-01,2026-05-03,,Cancelled,Z-D,0,High,,59,241.29,RT-05,HCV
ORD-10180,Ajio,SKU-1209,70,2026-04-16,2026-04-21,2026-04-21,Delivered,Z-F,0,Low,,490,1303.24,RT-09,LCV
ORD-10181,Tata Cliq,SKU-1243,179,2026-05-06,2026-05-09,,Cancelled,Z-C,0,Medium,,248,848.92,RT-05,HCV
ORD-10182,Amazon India,SKU-1017,194,2026-04-22,2026-04-23,2026-04-30,Delayed,Z-D,7,Medium,Documentation Error,163,617.24,RT-12,HCV
ORD-10183,Blinkit,SKU-1062,141,2026-04-16,2026-04-18,,Cancelled,Z-G,0,High,,470,1465.19,RT-05,HCV
ORD-10184,Urban Company,SKU-1046,198,2026-05-06,2026-05-09,2026-05-07,Delivered,Z-H,0,Low,,167,687.37,RT-11,HCV
ORD-10185,Tata Cliq,SKU-1017,75,2026-04-16,2026-04-17,2026-04-21,Delayed,Z-H,4,High,Loading Bay Bottleneck,372,1085.59,RT-02,LCV
ORD-10186,Snapdeal,SKU-1133,134,2026-05-11,2026-05-14,2026-05-16,Dispatched,Z-F,2,Medium,,360,956.84,RT-01,HCV
ORD-10187,Snapdeal,SKU-1227,169,2026-05-09,2026-05-10,2026-05-12,Dispatched,Z-E,2,Medium,,299,818.06,RT-03,HCV
ORD-10188,Nykaa,SKU-1264,187,2026-04-19,2026-04-21,2026-04-27,Delayed,Z-G,6,High,Route Blocked,452,1363.79,RT-05,HCV
ORD-10189,Snapdeal,SKU-1167,77,2026-05-07,2026-05-08,2026-05-08,Dispatched,Z-G,0,Medium,,488,1478.67,RT-10,LCV
ORD-10190,Nykaa,SKU-1010,10,2026-04-14,2026-04-19,,Pending,Z-D,24,High,Route Blocked,106,380.45,RT-03,Two Wheeler
ORD-10191,JioMart,SKU-1219,158,2026-05-05,2026-05-07,2026-05-07,Delivered,Z-C,0,Low,,65,216.03,RT-09,HCV
ORD-10192,Tata Cliq,SKU-1232,177,2026-04-28,2026-04-29,2026-04-29,Delivered,Z-D,0,Medium,,152,616.61,RT-07,HCV
ORD-10193,DMart,SKU-1220,57,2026-04-24,2026-04-26,,Cancelled,Z-E,0,Low,,351,974.84,RT-03,LCV
ORD-10194,Tata Cliq,SKU-1074,12,2026-05-04,2026-05-07,2026-05-06,Delivered,Z-D,0,Medium,,303,978.57,RT-08,Two Wheeler
ORD-10195,Amazon India,SKU-1240,39,2026-04-16,2026-04-19,,Cancelled,Z-G,0,Low,,113,510.83,RT-12,Three Wheeler
ORD-10196,Mamaearth,SKU-1131,23,2026-05-10,2026-05-15,2026-05-13,Delivered,Z-D,0,Medium,,470,1313.58,RT-10,Mini Truck
ORD-10197,Amazon India,SKU-1129,134,2026-04-24,2026-04-28,2026-04-28,Dispatched,Z-F,0,High,,500,1523.06,RT-01,HCV
ORD-10198,Boat Lifestyle,SKU-1091,71,2026-05-08,2026-05-13,,Pending,Z-F,0,Medium,Picker Shortage,50,254.33,RT-09,LCV
ORD-10199,Tata Cliq,SKU-1072,71,2026-05-10,2026-05-13,2026-05-11,Delivered,Z-H,0,Medium,,387,1107.65,RT-07,LCV
ORD-10200,Urban Company,SKU-1134,161,2026-04-17,2026-04-20,,Pending,Z-G,23,High,Loading Bay Bottleneck,382,1253.64,RT-03,HCV
ORD-10201,Lenskart,SKU-1225,18,2026-05-07,2026-05-09,2026-05-08,Delivered,Z-A,0,Medium,,138,435.89,RT-08,Three Wheeler
ORD-10202,BigBasket,SKU-1253,15,2026-04-29,2026-05-02,,Cancelled,Z-H,0,Medium,,257,720.62,RT-12,Two Wheeler
ORD-10203,BigBasket,SKU-1178,28,2026-05-07,2026-05-10,2026-05-08,Delivered,Z-E,0,Low,,461,1368.28,RT-04,Mini Truck
ORD-10204,FirstCry,SKU-1292,51,2026-04-30,2026-05-01,2026-05-01,Delivered,Z-B,0,Medium,,18,166.07,RT-11,LCV
ORD-10205,BigBasket,SKU-1201,100,2026-04-25,2026-04-26,2026-04-28,Delayed,Z-A,2,High,Route Blocked,237,799.59,RT-05,LCV
ORD-10206,Mamaearth,SKU-1002,89,2026-05-12,2026-05-17,,Cancelled,Z-F,0,Low,,380,1226.72,RT-10,LCV
ORD-10207,DMart,SKU-1108,17,2026-04-18,2026-04-21,2026-04-19,Dispatched,Z-B,0,Low,,492,1430.57,RT-02,Three Wheeler
ORD-10208,Pharmeasy,SKU-1091,66,2026-04-13,2026-04-17,2026-04-15,Delivered,Z-C,0,Medium,,404,1160.6,RT-11,LCV
ORD-10209,DMart,SKU-1061,81,2026-04-28,2026-05-02,2026-05-05,Delayed,Z-C,3,Medium,Zone Congestion,431,1219.36,RT-04,LCV
ORD-10210,Meesho,SKU-1228,104,2026-04-28,2026-05-01,,Pending,Z-G,12,High,Documentation Error,420,1192.06,RT-03,HCV
ORD-10211,Tata Cliq,SKU-1218,28,2026-05-12,2026-05-17,2026-05-16,Dispatched,Z-D,0,Low,,356,1118.41,RT-08,Mini Truck
ORD-10212,Urban Company,SKU-1239,116,2026-05-11,2026-05-15,2026-05-13,Dispatched,Z-E,0,High,,272,836.93,RT-10,HCV
ORD-10213,Flipkart,SKU-1282,24,2026-04-14,2026-04-15,,Pending,Z-G,28,Medium,Zone Congestion,242,820.21,RT-10,Three Wheeler
ORD-10214,Blinkit,SKU-1130,154,2026-05-11,2026-05-16,2026-05-15,Delivered,Z-C,0,High,,436,1238.24,RT-02,HCV
ORD-10215,Tata Cliq,SKU-1152,85,2026-04-25,2026-04-29,2026-05-03,Delayed,Z-E,4,High,Vehicle Breakdown,99,317.06,RT-10,LCV
ORD-10216,Pharmeasy,SKU-1054,116,2026-04-26,2026-04-27,2026-04-27,Delivered,Z-A,0,High,,340,1019.28,RT-12,HCV
ORD-10217,JioMart,SKU-1249,82,2026-04-24,2026-04-29,2026-04-30,Dispatched,Z-G,1,Medium,,49,203.77,RT-01,LCV
ORD-10218,Myntra,SKU-1057,9,2026-04-21,2026-04-23,,Cancelled,Z-D,0,Medium,,337,928.79,RT-04,Three Wheeler
ORD-10219,Lenskart,SKU-1097,27,2026-05-04,2026-05-08,2026-05-08,Delivered,Z-A,0,High,,90,500.6,RT-12,Three Wheeler
ORD-10220,Meesho,SKU-1241,10,2026-04-16,2026-04-20,,Pending,Z-D,23,Medium,Documentation Error,31,210.96,RT-02,Three Wheeler
ORD-10221,Tata Cliq,SKU-1253,193,2026-04-25,2026-04-30,2026-05-03,Delayed,Z-A,3,High,Route Blocked,267,865.26,RT-10,HCV
ORD-10222,Meesho,SKU-1118,187,2026-05-12,2026-05-17,2026-05-17,Delivered,Z-F,0,Low,,37,209.46,RT-11,HCV
ORD-10223,Tata Cliq,SKU-1242,34,2026-04-28,2026-05-03,,Cancelled,Z-F,0,Medium,,362,1064.06,RT-03,Three Wheeler
ORD-10224,Myntra,SKU-1240,93,2026-04-29,2026-05-01,,Pending,Z-F,12,Low,Route Blocked,72,450.79,RT-12,LCV
ORD-10225,JioMart,SKU-1213,177,2026-04-23,2026-04-26,2026-05-03,Delayed,Z-C,7,High,Weather Disruption,358,1132.31,RT-11,HCV
ORD-10226,Meesho,SKU-1066,49,2026-05-07,2026-05-09,,Pending,Z-B,4,Medium,Route Blocked,160,508.68,RT-09,Mini Truck
ORD-10227,Amazon India,SKU-1183,71,2026-05-02,2026-05-04,2026-05-03,Delivered,Z-B,0,Medium,,225,640.99,RT-04,LCV
ORD-10228,BigBasket,SKU-1287,62,2026-04-28,2026-05-01,,Cancelled,Z-F,0,High,,399,1266.93,RT-05,LCV
ORD-10229,DMart,SKU-1263,159,2026-04-22,2026-04-23,2026-04-27,Delayed,Z-H,4,High,Zone Congestion,426,1255.62,RT-09,HCV
ORD-10230,BigBasket,SKU-1085,166,2026-05-10,2026-05-12,,Cancelled,Z-C,0,Low,,154,612.04,RT-09,HCV
ORD-10231,Meesho,SKU-1050,44,2026-04-23,2026-04-26,2026-04-25,Dispatched,Z-B,0,High,,229,864.91,RT-01,Mini Truck
ORD-10232,Meesho,SKU-1174,78,2026-04-27,2026-04-29,2026-04-29,Delivered,Z-G,0,Medium,,327,1033.75,RT-03,LCV
ORD-10233,FirstCry,SKU-1215,63,2026-05-09,2026-05-13,2026-05-13,Dispatched,Z-H,0,Low,,411,1248.05,RT-01,LCV
ORD-10234,Ajio,SKU-1074,7,2026-04-21,2026-04-26,,Cancelled,Z-B,0,Medium,,166,565.41,RT-03,Three Wheeler
ORD-10235,Flipkart,SKU-1201,199,2026-05-12,2026-05-14,,Cancelled,Z-A,0,Low,,370,1174.77,RT-09,HCV
ORD-10236,Urban Company,SKU-1214,107,2026-04-15,2026-04-20,,Cancelled,Z-F,0,Medium,,9,279.25,RT-09,HCV
ORD-10237,Mamaearth,SKU-1075,184,2026-05-01,2026-05-05,,Pending,Z-H,8,Low,Loading Bay Bottleneck,459,1400.46,RT-11,HCV
ORD-10238,JioMart,SKU-1101,82,2026-05-11,2026-05-12,,Pending,Z-G,1,Low,Picker Shortage,271,975.48,RT-05,LCV
ORD-10239,Myntra,SKU-1047,135,2026-04-26,2026-04-29,,Pending,Z-C,14,High,Stock Unavailable,460,1399.15,RT-10,HCV
ORD-10240,Pharmeasy,SKU-1123,82,2026-04-20,2026-04-24,,Cancelled,Z-B,0,Low,,35,347.9,RT-05,LCV
ORD-10241,FirstCry,SKU-1181,36,2026-05-12,2026-05-13,2026-05-15,Dispatched,Z-A,2,Medium,,178,740.74,RT-12,Mini Truck
ORD-10242,Blinkit,SKU-1153,77,2026-04-22,2026-04-27,2026-05-03,Delayed,Z-G,6,Medium,Vehicle Breakdown,58,276.96,RT-10,LCV
ORD-10243,Myntra,SKU-1184,121,2026-05-10,2026-05-12,2026-05-19,Delayed,Z-G,7,High,Stock Unavailable,222,827.13,RT-08,HCV
ORD-10244,Myntra,SKU-1228,24,2026-05-02,2026-05-07,2026-05-07,Dispatched,Z-G,0,Medium,,304,934.71,RT-07,Three Wheeler
ORD-10245,Meesho,SKU-1213,46,2026-05-09,2026-05-14,2026-05-13,Delivered,Z-C,0,Low,,267,933.32,RT-02,Mini Truck
ORD-10246,Ajio,SKU-1242,13,2026-04-20,2026-04-22,,Cancelled,Z-F,0,High,,313,1045.58,RT-02,Two Wheeler
ORD-10247,Blinkit,SKU-1292,79,2026-05-12,2026-05-17,2026-05-15,Delivered,Z-E,0,Medium,,160,523.5,RT-01,LCV
ORD-10248,DMart,SKU-1072,155,2026-04-30,2026-05-01,,Cancelled,Z-E,0,Medium,,115,383.27,RT-12,HCV
ORD-10249,Meesho,SKU-1001,36,2026-04-26,2026-04-29,2026-04-27,Delivered,Z-G,0,Medium,,298,872.43,RT-08,Three Wheeler
ORD-10250,JioMart,SKU-1243,189,2026-04-17,2026-04-22,2026-04-19,Delivered,Z-H,0,Medium,,346,1027.27,RT-12,HCV
ORD-10251,Swiggy Instamart,SKU-1045,164,2026-04-22,2026-04-27,2026-04-24,Dispatched,Z-G,0,Medium,,281,763.95,RT-11,HCV
ORD-10252,Ajio,SKU-1142,170,2026-05-11,2026-05-13,2026-05-18,Delayed,Z-E,5,Medium,Zone Congestion,334,1024.84,RT-04,HCV
ORD-10253,Mamaearth,SKU-1277,152,2026-04-19,2026-04-20,,Cancelled,Z-D,0,Medium,,262,929.22,RT-02,HCV
ORD-10254,Lenskart,SKU-1092,9,2026-05-05,2026-05-07,2026-05-07,Delivered,Z-B,0,Low,,315,917.61,RT-10,Two Wheeler
ORD-10255,Meesho,SKU-1011,92,2026-04-30,2026-05-02,2026-05-03,Dispatched,Z-G,1,Medium,,51,206.16,RT-02,LCV
ORD-10256,Lenskart,SKU-1086,78,2026-05-09,2026-05-11,2026-05-10,Delivered,Z-C,0,Medium,,492,1381.82,RT-03,LCV
ORD-10257,Flipkart,SKU-1166,51,2026-05-13,2026-05-14,2026-05-14,Delivered,Z-F,0,High,,216,813.25,RT-05,LCV
ORD-10258,JioMart,SKU-1061,18,2026-05-07,2026-05-09,2026-05-14,Delayed,Z-D,5,Medium,Documentation Error,491,1306.27,RT-01,Three Wheeler
ORD-10259,Ajio,SKU-1283,109,2026-05-11,2026-05-15,2026-05-13,Delivered,Z-A,0,Medium,,288,1010.87,RT-11,HCV
ORD-10260,BigBasket,SKU-1126,200,2026-04-26,2026-04-28,2026-04-30,Dispatched,Z-H,2,High,,438,1303.95,RT-04,HCV
ORD-10261,DMart,SKU-1191,143,2026-05-08,2026-05-10,,Pending,Z-G,3,Low,Route Blocked,26,115.25,RT-08,HCV
ORD-10262,Mamaearth,SKU-1148,172,2026-05-08,2026-05-09,2026-05-09,Delivered,Z-E,0,Low,,133,592.37,RT-07,HCV
ORD-10263,Blinkit,SKU-1108,154,2026-04-17,2026-04-22,2026-04-19,Delivered,Z-B,0,Medium,,50,273.83,RT-02,HCV
ORD-10264,DMart,SKU-1284,76,2026-04-15,2026-04-19,2026-04-18,Delivered,Z-F,0,Low,,138,639.91,RT-12,LCV
ORD-10265,Ajio,SKU-1139,67,2026-04-22,2026-04-25,2026-04-26,Dispatched,Z-F,1,High,,472,1402.96,RT-11,LCV
ORD-10266,Amazon India,SKU-1243,6,2026-04-15,2026-04-16,2026-04-20,Delayed,Z-H,4,Medium,Zone Congestion,408,1289.18,RT-11,Two Wheeler
ORD-10267,Lenskart,SKU-1015,176,2026-04-29,2026-04-30,2026-05-01,Dispatched,Z-F,1,Medium,,95,497.29,RT-12,HCV
ORD-10268,Amazon India,SKU-1063,123,2026-05-02,2026-05-04,2026-05-04,Dispatched,Z-A,0,Medium,,353,1162.85,RT-06,HCV
ORD-10269,Myntra,SKU-1046,162,2026-04-23,2026-04-26,2026-04-28,Delayed,Z-D,2,High,Stock Unavailable,148,543.21,RT-12,HCV
ORD-10270,Mamaearth,SKU-1107,6,2026-05-07,2026-05-11,2026-05-10,Delivered,Z-H,0,High,,287,815.94,RT-12,Two Wheeler
ORD-10271,Reliance Retail,SKU-1065,195,2026-05-11,2026-05-13,2026-05-12,Delivered,Z-E,0,High,,439,1316.99,RT-12,HCV
ORD-10272,Lenskart,SKU-1129,179,2026-04-26,2026-04-30,2026-04-30,Delivered,Z-A,0,Medium,,226,826.09,RT-07,HCV
ORD-10273,Pharmeasy,SKU-1062,179,2026-04-27,2026-05-01,,Pending,Z-A,12,Low,Vehicle Breakdown,29,191.98,RT-07,HCV
ORD-10274,Lenskart,SKU-1229,85,2026-05-13,2026-05-17,2026-05-14,Delivered,Z-A,0,Low,,120,594.52,RT-07,LCV
ORD-10275,Reliance Retail,SKU-1127,55,2026-05-08,2026-05-11,2026-05-09,Dispatched,Z-A,0,Medium,,226,817.01,RT-10,LCV
ORD-10276,Swiggy Instamart,SKU-1128,68,2026-05-10,2026-05-14,2026-05-13,Delivered,Z-A,0,Medium,,271,926.03,RT-02,LCV
ORD-10277,Mamaearth,SKU-1224,200,2026-05-10,2026-05-14,,Pending,Z-B,0,High,Stock Unavailable,198,623.32,RT-12,HCV
ORD-10278,Reliance Retail,SKU-1065,20,2026-04-14,2026-04-18,2026-04-18,Delivered,Z-B,0,High,,351,941.45,RT-01,Three Wheeler
ORD-10279,JioMart,SKU-1205,29,2026-04-24,2026-04-28,2026-04-25,Delivered,Z-H,0,Medium,,242,853.79,RT-10,Mini Truck
ORD-10280,Swiggy Instamart,SKU-1013,121,2026-04-27,2026-04-30,,Pending,Z-B,13,High,Stock Unavailable,309,1000.82,RT-10,HCV
ORD-10281,Myntra,SKU-1293,37,2026-04-23,2026-04-28,2026-04-27,Delivered,Z-H,0,Low,,322,966.16,RT-04,Mini Truck
ORD-10282,Flipkart,SKU-1030,37,2026-05-04,2026-05-09,2026-05-10,Dispatched,Z-F,1,Medium,,303,1028.81,RT-03,Mini Truck
ORD-10283,Meesho,SKU-1158,159,2026-05-03,2026-05-06,2026-05-04,Dispatched,Z-C,0,High,,126,491.78,RT-09,HCV
ORD-10284,Flipkart,SKU-1216,93,2026-05-07,2026-05-09,,Pending,Z-D,4,High,Loading Bay Bottleneck,101,469.47,RT-12,LCV
ORD-10285,Ajio,SKU-1169,153,2026-04-25,2026-04-28,,Pending,Z-G,15,Medium,Picker Shortage,58,308.58,RT-01,HCV
ORD-10286,Meesho,SKU-1112,5,2026-04-23,2026-04-25,2026-04-29,Delayed,Z-D,4,High,Loading Bay Bottleneck,418,1280.02,RT-04,Three Wheeler
ORD-10287,Snapdeal,SKU-1003,97,2026-05-13,2026-05-14,2026-05-16,Dispatched,Z-B,2,High,,153,542.6,RT-11,LCV
ORD-10288,Boat Lifestyle,SKU-1184,16,2026-05-13,2026-05-15,2026-05-14,Delivered,Z-D,0,Medium,,373,1026.07,RT-09,Two Wheeler
ORD-10289,Snapdeal,SKU-1100,10,2026-05-08,2026-05-11,,Cancelled,Z-A,0,Low,,75,332.23,RT-02,Three Wheeler
ORD-10290,Myntra,SKU-1156,121,2026-05-06,2026-05-09,2026-05-15,Delayed,Z-C,6,Medium,Documentation Error,454,1362.74,RT-02,HCV
ORD-10291,DMart,SKU-1066,53,2026-05-07,2026-05-12,2026-05-10,Dispatched,Z-F,0,Low,,224,854.25,RT-04,LCV
ORD-10292,Flipkart,SKU-1096,142,2026-05-04,2026-05-06,2026-05-05,Dispatched,Z-E,0,High,,440,1277.07,RT-10,HCV
ORD-10293,Meesho,SKU-1107,191,2026-05-11,2026-05-15,2026-05-20,Delayed,Z-B,5,Medium,Documentation Error,389,1243.11,RT-09,HCV
ORD-10294,Blinkit,SKU-1255,137,2026-04-29,2026-05-01,2026-05-02,Dispatched,Z-H,1,Low,,494,1408.7,RT-05,HCV
ORD-10295,Boat Lifestyle,SKU-1205,168,2026-04-14,2026-04-19,,Pending,Z-D,24,High,Vehicle Breakdown,236,855.79,RT-07,HCV
ORD-10296,Myntra,SKU-1156,113,2026-04-15,2026-04-19,,Pending,Z-F,24,Medium,Zone Congestion,73,420.41,RT-05,HCV
ORD-10297,Ajio,SKU-1265,95,2026-05-06,2026-05-11,2026-05-11,Delivered,Z-F,0,Medium,,235,754.39,RT-07,LCV
ORD-10298,Blinkit,SKU-1254,86,2026-05-05,2026-05-09,2026-05-09,Delivered,Z-D,0,Medium,,335,906.47,RT-02,LCV
ORD-10299,Urban Company,SKU-1256,136,2026-04-26,2026-04-27,2026-04-29,Delayed,Z-B,2,High,Loading Bay Bottleneck,24,246.51,RT-06,HCV
ORD-10300,Myntra,SKU-1168,69,2026-05-04,2026-05-07,2026-05-07,Delivered,Z-C,0,Low,,383,1143.28,RT-05,LCV
ORD-10301,Amazon India,SKU-1153,77,2026-04-17,2026-04-20,2026-04-24,Delayed,Z-G,4,Medium,Stock Unavailable,246,828.52,RT-03,LCV
ORD-10302,JioMart,SKU-1116,63,2026-04-20,2026-04-22,,Pending,Z-H,21,Low,Route Blocked,179,695.48,RT-06,LCV
ORD-10303,Myntra,SKU-1219,183,2026-04-30,2026-05-02,2026-05-01,Dispatched,Z-F,0,High,,300,1018.44,RT-05,HCV
ORD-10304,Amazon India,SKU-1255,173,2026-04-17,2026-04-20,2026-04-21,Dispatched,Z-G,1,Low,,390,1125.84,RT-12,HCV
ORD-10305,Lenskart,SKU-1153,88,2026-04-25,2026-04-26,,Pending,Z-A,17,High,Picker Shortage,492,1528.56,RT-10,LCV
ORD-10306,Mamaearth,SKU-1293,105,2026-05-01,2026-05-03,,Cancelled,Z-B,0,Low,,202,602.08,RT-02,HCV
ORD-10307,Swiggy Instamart,SKU-1291,120,2026-04-23,2026-04-26,2026-04-24,Delivered,Z-C,0,High,,428,1292.26,RT-08,HCV
ORD-10308,Amazon India,SKU-1095,55,2026-05-11,2026-05-15,2026-05-13,Delivered,Z-E,0,Low,,273,749.99,RT-01,LCV
ORD-10309,Blinkit,SKU-1265,7,2026-05-08,2026-05-11,,Cancelled,Z-G,0,Medium,,85,509.9,RT-03,Three Wheeler
ORD-10310,Meesho,SKU-1035,104,2026-04-13,2026-04-15,2026-04-14,Delivered,Z-E,0,Medium,,423,1284.92,RT-08,HCV
ORD-10311,Snapdeal,SKU-1294,84,2026-04-25,2026-04-27,,Pending,Z-H,16,Medium,Vehicle Breakdown,8,317.77,RT-08,LCV
ORD-10312,Reliance Retail,SKU-1204,159,2026-04-18,2026-04-20,,Pending,Z-H,23,Medium,Route Blocked,299,807.27,RT-02,HCV
ORD-10313,Urban Company,SKU-1233,93,2026-04-21,2026-04-24,2026-04-23,Dispatched,Z-G,0,High,,96,514.99,RT-12,LCV
ORD-10314,Tata Cliq,SKU-1234,103,2026-04-14,2026-04-16,2026-04-17,Delayed,Z-G,1,High,Vehicle Breakdown,458,1412.63,RT-05,HCV
ORD-10315,Lenskart,SKU-1149,175,2026-04-14,2026-04-15,2026-04-21,Delayed,Z-D,6,High,Zone Congestion,193,551.63,RT-02,HCV
ORD-10316,FirstCry,SKU-1166,109,2026-04-29,2026-05-01,2026-04-30,Delivered,Z-H,0,High,,42,314.72,RT-11,HCV
ORD-10317,Ajio,SKU-1195,92,2026-04-20,2026-04-24,,Cancelled,Z-G,0,High,,10,137.65,RT-12,LCV
ORD-10318,DMart,SKU-1167,176,2026-04-20,2026-04-24,,Pending,Z-B,19,High,Vehicle Breakdown,370,1212.5,RT-03,HCV
ORD-10319,Meesho,SKU-1142,46,2026-05-08,2026-05-09,,Pending,Z-C,4,Medium,Zone Congestion,278,930.36,RT-03,Mini Truck
ORD-10320,Amazon India,SKU-1139,44,2026-04-29,2026-05-02,2026-05-02,Delivered,Z-A,0,Low,,277,796.54,RT-12,Mini Truck
ORD-10321,FirstCry,SKU-1052,104,2026-04-21,2026-04-24,2026-04-26,Dispatched,Z-A,2,High,,400,1144.35,RT-04,HCV
ORD-10322,Nykaa,SKU-1191,66,2026-05-07,2026-05-08,2026-05-08,Delivered,Z-A,0,Medium,,425,1160.54,RT-11,LCV
ORD-10323,Reliance Retail,SKU-1112,29,2026-04-18,2026-04-20,2026-04-21,Delayed,Z-G,1,High,Loading Bay Bottleneck,170,615.51,RT-04,Mini Truck
ORD-10324,Lenskart,SKU-1202,114,2026-05-10,2026-05-12,2026-05-12,Delivered,Z-F,0,High,,12,180.53,RT-06,HCV
ORD-10325,Amazon India,SKU-1199,59,2026-04-29,2026-05-01,2026-05-01,Delivered,Z-F,0,High,,39,368.87,RT-07,LCV
ORD-10326,Urban Company,SKU-1255,31,2026-04-21,2026-04-26,2026-05-03,Delayed,Z-C,7,High,Loading Bay Bottleneck,328,1044.08,RT-11,Mini Truck
ORD-10327,Swiggy Instamart,SKU-1089,167,2026-04-19,2026-04-22,,Cancelled,Z-H,0,High,,176,494.41,RT-10,HCV
ORD-10328,Ajio,SKU-1195,135,2026-04-23,2026-04-25,,Pending,Z-A,18,High,Stock Unavailable,320,1039.74,RT-02,HCV
ORD-10329,Urban Company,SKU-1121,193,2026-04-30,2026-05-02,,Pending,Z-A,11,High,Loading Bay Bottleneck,260,774.15,RT-03,HCV
ORD-10330,JioMart,SKU-1104,169,2026-05-12,2026-05-14,,Cancelled,Z-H,0,Low,,454,1267.17,RT-05,HCV
ORD-10331,Swiggy Instamart,SKU-1020,138,2026-04-18,2026-04-22,,Pending,Z-E,21,High,Vehicle Breakdown,438,1328.22,RT-06,HCV
ORD-10332,Nykaa,SKU-1105,143,2026-05-12,2026-05-14,2026-05-20,Delayed,Z-D,6,High,Loading Bay Bottleneck,98,405.59,RT-01,HCV
ORD-10333,Reliance Retail,SKU-1251,22,2026-04-13,2026-04-15,2026-04-14,Delivered,Z-D,0,High,,51,220.92,RT-09,Mini Truck
ORD-10334,Nykaa,SKU-1259,25,2026-04-30,2026-05-04,2026-05-06,Dispatched,Z-D,2,High,,222,649.11,RT-04,Three Wheeler
ORD-10335,Urban Company,SKU-1295,119,2026-04-13,2026-04-15,2026-04-15,Delivered,Z-B,0,Medium,,208,664.43,RT-08,HCV
ORD-10336,Ajio,SKU-1216,134,2026-04-24,2026-04-28,2026-05-05,Delayed,Z-H,7,High,Documentation Error,442,1175.81,RT-05,HCV
ORD-10337,Mamaearth,SKU-1275,44,2026-04-26,2026-04-28,2026-04-28,Delivered,Z-E,0,Medium,,150,518.79,RT-10,Three Wheeler
ORD-10338,Reliance Retail,SKU-1170,39,2026-04-21,2026-04-25,2026-04-23,Delivered,Z-A,0,High,,446,1290.17,RT-12,Three Wheeler
ORD-10339,Meesho,SKU-1207,111,2026-04-13,2026-04-17,,Cancelled,Z-F,0,Medium,,255,764.45,RT-10,HCV
ORD-10340,Reliance Retail,SKU-1209,14,2026-04-14,2026-04-15,2026-04-17,Dispatched,Z-C,2,High,,395,1146.57,RT-05,Three Wheeler
ORD-10341,FirstCry,SKU-1250,167,2026-04-21,2026-04-24,2026-04-30,Delayed,Z-G,6,Medium,Vehicle Breakdown,129,491.93,RT-06,HCV
ORD-10342,Amazon India,SKU-1075,71,2026-04-24,2026-04-28,,Cancelled,Z-C,0,Medium,,131,528.04,RT-11,LCV
ORD-10343,Snapdeal,SKU-1006,34,2026-04-19,2026-04-20,,Pending,Z-G,23,Medium,Zone Congestion,270,952.49,RT-07,Mini Truck
ORD-10344,Tata Cliq,SKU-1129,182,2026-05-04,2026-05-09,,Cancelled,Z-G,0,Low,,162,638.48,RT-12,HCV
ORD-10345,Reliance Retail,SKU-1055,167,2026-04-25,2026-04-28,2026-05-01,Delayed,Z-D,3,High,Weather Disruption,8,316.76,RT-08,HCV
ORD-10346,Amazon India,SKU-1049,22,2026-04-19,2026-04-23,,Pending,Z-E,20,Low,Documentation Error,92,324.1,RT-03,Mini Truck
ORD-10347,Myntra,SKU-1249,51,2026-04-27,2026-04-28,,Pending,Z-D,15,High,Vehicle Breakdown,35,324.98,RT-04,LCV
ORD-10348,Pharmeasy,SKU-1209,117,2026-04-23,2026-04-28,2026-04-25,Delivered,Z-B,0,Medium,,48,264.43,RT-05,HCV
ORD-10349,Reliance Retail,SKU-1175,12,2026-04-25,2026-04-27,,Pending,Z-B,16,High,Stock Unavailable,141,590.45,RT-01,Two Wheeler
ORD-10350,BigBasket,SKU-1108,138,2026-04-18,2026-04-19,2026-04-21,Dispatched,Z-E,2,Medium,,247,856.73,RT-10,HCV
ORD-10351,Tata Cliq,SKU-1172,99,2026-04-22,2026-04-25,,Cancelled,Z-D,0,Medium,,345,1012.12,RT-10,LCV
ORD-10352,Flipkart,SKU-1182,89,2026-04-18,2026-04-19,2026-04-19,Delivered,Z-C,0,High,,313,863.22,RT-09,LCV
ORD-10353,Pharmeasy,SKU-1127,99,2026-04-29,2026-05-04,2026-05-11,Delayed,Z-H,7,High,Vehicle Breakdown,6,311.55,RT-06,LCV
ORD-10354,Amazon India,SKU-1184,16,2026-04-18,2026-04-21,2026-04-23,Delayed,Z-H,2,Medium,Zone Congestion,183,614.48,RT-08,Two Wheeler
ORD-10355,JioMart,SKU-1150,160,2026-05-07,2026-05-09,,Cancelled,Z-A,0,High,,259,896.71,RT-05,HCV
ORD-10356,Lenskart,SKU-1239,48,2026-04-15,2026-04-19,,Cancelled,Z-H,0,Low,,281,812.73,RT-04,Mini Truck
ORD-10357,Reliance Retail,SKU-1054,116,2026-04-21,2026-04-22,2026-04-22,Delivered,Z-G,0,Medium,,117,522.29,RT-11,HCV
ORD-10358,Meesho,SKU-1063,175,2026-05-09,2026-05-14,,Pending,Z-H,0,High,Loading Bay Bottleneck,451,1233.45,RT-10,HCV
ORD-10359,Mamaearth,SKU-1033,169,2026-05-03,2026-05-07,,Cancelled,Z-G,0,Low,,333,1078.77,RT-07,HCV
ORD-10360,Nykaa,SKU-1114,71,2026-05-10,2026-05-13,2026-05-11,Delivered,Z-F,0,Low,,308,1054.3,RT-12,LCV
ORD-10361,BigBasket,SKU-1293,99,2026-05-09,2026-05-12,,Cancelled,Z-A,0,Medium,,36,287.51,RT-04,LCV
ORD-10362,JioMart,SKU-1216,86,2026-04-19,2026-04-22,2026-04-29,Delayed,Z-C,7,Medium,Vehicle Breakdown,59,296.33,RT-09,LCV
ORD-10363,Ajio,SKU-1161,42,2026-04-17,2026-04-20,2026-04-24,Delayed,Z-H,4,Medium,Weather Disruption,79,434.26,RT-12,Mini Truck
ORD-10364,Mamaearth,SKU-1163,84,2026-04-27,2026-04-28,2026-04-28,Delivered,Z-D,0,Medium,,154,611.04,RT-07,LCV
ORD-10365,Flipkart,SKU-1170,44,2026-04-17,2026-04-19,2026-04-26,Delayed,Z-D,7,Medium,Stock Unavailable,477,1458.86,RT-03,Three Wheeler
ORD-10366,JioMart,SKU-1153,173,2026-04-14,2026-04-16,,Cancelled,Z-G,0,Medium,,221,771.97,RT-06,HCV
ORD-10367,JioMart,SKU-1200,23,2026-04-27,2026-04-30,2026-04-28,Delivered,Z-G,0,High,,72,310.85,RT-10,Mini Truck
ORD-10368,Urban Company,SKU-1234,172,2026-05-08,2026-05-13,2026-05-12,Delivered,Z-E,0,High,,112,384.53,RT-12,HCV
ORD-10369,Myntra,SKU-1004,97,2026-04-20,2026-04-25,2026-04-22,Delivered,Z-G,0,Medium,,352,1140.42,RT-01,LCV
ORD-10370,BigBasket,SKU-1182,126,2026-05-08,2026-05-09,2026-05-09,Delivered,Z-G,0,High,,326,1045.64,RT-04,HCV
ORD-10371,Flipkart,SKU-1060,66,2026-05-01,2026-05-05,2026-05-06,Dispatched,Z-C,1,Low,,386,1108.84,RT-12,LCV
ORD-10372,Reliance Retail,SKU-1237,171,2026-05-01,2026-05-04,,Pending,Z-H,9,Medium,Stock Unavailable,66,244.16,RT-02,HCV
ORD-10373,Meesho,SKU-1260,62,2026-05-13,2026-05-18,,Pending,Z-H,0,Medium,Zone Congestion,411,1225.72,RT-07,LCV
ORD-10374,Meesho,SKU-1222,81,2026-04-25,2026-04-27,2026-04-26,Delivered,Z-C,0,Medium,,421,1277.69,RT-07,LCV
ORD-10375,Lenskart,SKU-1274,140,2026-04-28,2026-04-29,,Pending,Z-B,14,High,Zone Congestion,97,508.0,RT-12,HCV
ORD-10376,Snapdeal,SKU-1002,147,2026-04-29,2026-05-02,2026-04-30,Delivered,Z-D,0,Low,,87,289.46,RT-05,HCV
ORD-10377,Flipkart,SKU-1043,36,2026-04-27,2026-04-30,2026-05-02,Dispatched,Z-C,2,Medium,,488,1434.54,RT-04,Three Wheeler
ORD-10378,Flipkart,SKU-1265,80,2026-04-22,2026-04-27,2026-04-27,Dispatched,Z-H,0,Low,,165,593.17,RT-06,LCV
ORD-10379,Mamaearth,SKU-1275,135,2026-05-07,2026-05-08,2026-05-09,Delayed,Z-D,1,High,Picker Shortage,158,659.02,RT-04,HCV
ORD-10380,DMart,SKU-1282,60,2026-04-25,2026-04-28,2026-04-28,Delivered,Z-G,0,High,,286,828.74,RT-07,LCV
ORD-10381,Snapdeal,SKU-1204,121,2026-05-11,2026-05-14,2026-05-20,Delayed,Z-C,6,High,Zone Congestion,327,1050.67,RT-11,HCV
ORD-10382,Myntra,SKU-1190,149,2026-04-22,2026-04-27,,Pending,Z-G,16,High,Loading Bay Bottleneck,408,1178.41,RT-01,HCV
ORD-10383,Mamaearth,SKU-1126,24,2026-05-05,2026-05-06,,Pending,Z-G,7,High,Loading Bay Bottleneck,332,902.24,RT-06,Three Wheeler
ORD-10384,DMart,SKU-1115,75,2026-05-13,2026-05-14,2026-05-14,Dispatched,Z-G,0,High,,405,1293.91,RT-03,LCV
ORD-10385,FirstCry,SKU-1156,155,2026-04-17,2026-04-21,2026-04-20,Delivered,Z-E,0,Low,,143,559.37,RT-01,HCV
ORD-10386,Snapdeal,SKU-1162,197,2026-05-01,2026-05-03,2026-05-05,Dispatched,Z-H,2,Low,,70,289.77,RT-11,HCV
ORD-10387,FirstCry,SKU-1079,173,2026-05-09,2026-05-11,2026-05-12,Dispatched,Z-A,1,Low,,332,1123.62,RT-12,HCV
ORD-10388,Nykaa,SKU-1214,185,2026-04-29,2026-05-01,2026-05-02,Dispatched,Z-H,1,Low,,151,496.46,RT-07,HCV
ORD-10389,FirstCry,SKU-1117,83,2026-04-23,2026-04-24,,Cancelled,Z-G,0,Medium,,437,1165.04,RT-02,LCV
ORD-10390,Reliance Retail,SKU-1122,28,2026-05-08,2026-05-13,2026-05-11,Delivered,Z-H,0,High,,497,1529.6,RT-11,Mini Truck
ORD-10391,Meesho,SKU-1254,136,2026-04-22,2026-04-27,2026-05-01,Delayed,Z-A,4,High,Stock Unavailable,370,1081.24,RT-09,HCV
ORD-10392,Blinkit,SKU-1125,194,2026-04-22,2026-04-27,2026-04-28,Delayed,Z-H,1,Medium,Vehicle Breakdown,94,303.78,RT-03,HCV
ORD-10393,FirstCry,SKU-1180,18,2026-04-30,2026-05-04,2026-05-03,Dispatched,Z-B,0,Medium,,472,1399.77,RT-09,Two Wheeler
ORD-10394,Urban Company,SKU-1153,128,2026-05-04,2026-05-07,2026-05-07,Delivered,Z-G,0,High,,477,1318.7,RT-11,HCV
ORD-10395,FirstCry,SKU-1018,123,2026-04-15,2026-04-20,2026-04-21,Delayed,Z-F,1,Medium,Route Blocked,173,557.09,RT-02,HCV
ORD-10396,Amazon India,SKU-1179,189,2026-05-08,2026-05-12,2026-05-09,Dispatched,Z-G,0,Medium,,106,336.19,RT-09,HCV
ORD-10397,DMart,SKU-1210,36,2026-04-14,2026-04-18,2026-04-17,Delivered,Z-D,0,Medium,,207,661.08,RT-06,Three Wheeler
ORD-10398,Snapdeal,SKU-1274,73,2026-05-10,2026-05-14,2026-05-18,Delayed,Z-C,4,High,Documentation Error,7,157.31,RT-12,LCV
ORD-10399,Myntra,SKU-1056,53,2026-05-04,2026-05-05,2026-05-05,Delivered,Z-F,0,High,,87,434.05,RT-08,LCV
ORD-10400,Pharmeasy,SKU-1060,112,2026-04-28,2026-05-03,,Pending,Z-C,10,Medium,Documentation Error,261,884.0,RT-12,HCV
ORD-10401,JioMart,SKU-1067,33,2026-04-13,2026-04-14,2026-04-16,Delayed,Z-C,2,Medium,Stock Unavailable,397,1213.61,RT-01,Three Wheeler
ORD-10402,Tata Cliq,SKU-1004,116,2026-04-28,2026-05-01,2026-04-29,Delivered,Z-G,0,High,,321,890.62,RT-09,HCV
ORD-10403,Snapdeal,SKU-1127,76,2026-04-19,2026-04-20,,Cancelled,Z-D,0,Low,,425,1219.79,RT-08,LCV
ORD-10404,BigBasket,SKU-1257,161,2026-05-08,2026-05-10,,Cancelled,Z-C,0,High,,66,248.07,RT-01,HCV
ORD-10405,Pharmeasy,SKU-1098,42,2026-04-30,2026-05-01,,Pending,Z-B,12,High,Documentation Error,213,713.74,RT-12,Mini Truck
ORD-10406,Nykaa,SKU-1172,114,2026-04-28,2026-04-29,,Pending,Z-A,14,Medium,Zone Congestion,142,495.89,RT-06,HCV
ORD-10407,Tata Cliq,SKU-1126,86,2026-04-15,2026-04-16,2026-04-16,Delivered,Z-A,0,Low,,386,1095.41,RT-05,LCV
ORD-10408,Meesho,SKU-1143,160,2026-05-10,2026-05-14,2026-05-14,Delivered,Z-F,0,Medium,,160,477.88,RT-11,HCV
ORD-10409,Amazon India,SKU-1282,38,2026-05-03,2026-05-06,2026-05-09,Delayed,Z-F,3,Medium,Weather Disruption,112,476.08,RT-02,Mini Truck
ORD-10410,DMart,SKU-1061,15,2026-04-25,2026-04-27,2026-04-27,Delivered,Z-B,0,High,,487,1404.14,RT-06,Three Wheeler
ORD-10411,Meesho,SKU-1103,141,2026-04-20,2026-04-22,2026-04-21,Delivered,Z-G,0,Low,,369,1035.63,RT-09,HCV
ORD-10412,Blinkit,SKU-1187,119,2026-04-23,2026-04-24,,Cancelled,Z-B,0,Medium,,219,728.44,RT-09,HCV
ORD-10413,Amazon India,SKU-1085,158,2026-05-05,2026-05-07,2026-05-06,Delivered,Z-D,0,Low,,422,1204.37,RT-11,HCV
ORD-10414,Lenskart,SKU-1262,24,2026-05-08,2026-05-12,2026-05-16,Delayed,Z-G,4,Medium,Weather Disruption,110,371.02,RT-03,Mini Truck
ORD-10415,Boat Lifestyle,SKU-1004,136,2026-04-29,2026-05-04,2026-05-09,Delayed,Z-E,5,High,Weather Disruption,367,1034.63,RT-02,HCV
ORD-10416,Snapdeal,SKU-1114,16,2026-04-26,2026-04-28,2026-04-27,Delivered,Z-E,0,High,,143,625.85,RT-01,Two Wheeler
ORD-10417,Myntra,SKU-1273,34,2026-05-13,2026-05-16,,Pending,Z-F,0,Medium,Zone Congestion,489,1448.87,RT-09,Three Wheeler
ORD-10418,DMart,SKU-1209,161,2026-05-04,2026-05-07,,Cancelled,Z-A,0,Medium,,117,525.12,RT-05,HCV
ORD-10419,Snapdeal,SKU-1131,9,2026-04-26,2026-05-01,2026-04-30,Delivered,Z-E,0,Low,,329,1023.59,RT-04,Three Wheeler
ORD-10420,Nykaa,SKU-1166,73,2026-05-07,2026-05-12,,Pending,Z-G,1,High,Route Blocked,123,539.95,RT-07,LCV
ORD-10421,Blinkit,SKU-1075,127,2026-05-11,2026-05-15,2026-05-13,Delivered,Z-C,0,High,,296,912.63,RT-12,HCV
ORD-10422,Snapdeal,SKU-1144,10,2026-05-04,2026-05-06,,Cancelled,Z-G,0,Low,,316,886.96,RT-03,Two Wheeler
ORD-10423,Tata Cliq,SKU-1125,121,2026-04-14,2026-04-18,2026-04-16,Delivered,Z-A,0,Low,,56,284.47,RT-01,HCV
ORD-10424,BigBasket,SKU-1006,200,2026-04-17,2026-04-18,2026-04-18,Delivered,Z-E,0,High,,485,1419.35,RT-01,HCV
ORD-10425,Amazon India,SKU-1054,143,2026-04-20,2026-04-23,,Cancelled,Z-B,0,High,,76,360.11,RT-10,HCV
ORD-10426,Ajio,SKU-1083,83,2026-05-03,2026-05-07,2026-05-04,Delivered,Z-E,0,Low,,283,788.27,RT-01,LCV
ORD-10427,BigBasket,SKU-1278,80,2026-05-10,2026-05-15,,Cancelled,Z-G,0,High,,5,290.54,RT-01,LCV
ORD-10428,Nykaa,SKU-1218,103,2026-05-09,2026-05-12,2026-05-14,Delayed,Z-G,2,Medium,Zone Congestion,256,732.39,RT-02,HCV
ORD-10429,Nykaa,SKU-1052,77,2026-05-02,2026-05-03,,Pending,Z-B,10,Medium,Zone Congestion,463,1218.34,RT-03,LCV
ORD-10430,Snapdeal,SKU-1219,140,2026-05-03,2026-05-08,2026-05-07,Delivered,Z-C,0,Low,,356,1015.39,RT-05,HCV
ORD-10431,Blinkit,SKU-1053,74,2026-04-14,2026-04-18,2026-04-21,Delayed,Z-B,3,High,Picker Shortage,168,506.95,RT-08,LCV
ORD-10432,Meesho,SKU-1034,33,2026-04-25,2026-04-29,,Cancelled,Z-E,0,High,,51,258.26,RT-03,Mini Truck
ORD-10433,JioMart,SKU-1180,86,2026-04-28,2026-05-02,,Pending,Z-G,11,Low,Loading Bay Bottleneck,75,438.04,RT-11,LCV
ORD-10434,Nykaa,SKU-1196,112,2026-04-26,2026-04-30,,Pending,Z-H,13,Low,Vehicle Breakdown,201,573.4,RT-12,HCV
ORD-10435,Tata Cliq,SKU-1269,152,2026-04-19,2026-04-21,2026-04-23,Delayed,Z-F,2,High,Stock Unavailable,190,664.59,RT-03,HCV
ORD-10436,BigBasket,SKU-1030,94,2026-05-02,2026-05-04,2026-05-03,Delivered,Z-G,0,High,,112,536.96,RT-01,LCV
ORD-10437,DMart,SKU-1060,183,2026-04-21,2026-04-23,2026-04-22,Dispatched,Z-G,0,Medium,,32,305.35,RT-11,HCV
ORD-10438,Boat Lifestyle,SKU-1037,127,2026-04-17,2026-04-22,,Cancelled,Z-A,0,High,,192,565.32,RT-04,HCV
ORD-10439,Reliance Retail,SKU-1006,150,2026-04-17,2026-04-21,2026-04-19,Delivered,Z-H,0,Low,,76,427.03,RT-12,HCV
ORD-10440,Urban Company,SKU-1240,110,2026-04-20,2026-04-23,2026-04-21,Dispatched,Z-E,0,High,,84,275.0,RT-11,HCV
ORD-10441,Flipkart,SKU-1088,133,2026-05-08,2026-05-09,2026-05-10,Dispatched,Z-H,1,Low,,369,1179.88,RT-10,HCV
ORD-10442,FirstCry,SKU-1156,186,2026-05-06,2026-05-10,,Cancelled,Z-E,0,High,,272,824.39,RT-03,HCV
ORD-10443,Myntra,SKU-1205,163,2026-05-12,2026-05-14,2026-05-13,Dispatched,Z-H,0,Medium,,165,625.67,RT-07,HCV
ORD-10444,JioMart,SKU-1084,18,2026-04-18,2026-04-21,,Pending,Z-D,22,Medium,Zone Congestion,58,214.45,RT-10,Three Wheeler
ORD-10445,Amazon India,SKU-1122,77,2026-05-08,2026-05-13,2026-05-10,Delivered,Z-A,0,Medium,,101,440.42,RT-11,LCV
ORD-10446,Flipkart,SKU-1123,73,2026-05-11,2026-05-16,,Pending,Z-H,0,High,Stock Unavailable,166,488.3,RT-05,LCV
ORD-10447,Amazon India,SKU-1182,197,2026-05-04,2026-05-08,,Pending,Z-F,5,Medium,Loading Bay Bottleneck,71,403.16,RT-02,HCV
ORD-10448,Swiggy Instamart,SKU-1208,194,2026-04-27,2026-04-28,,Pending,Z-C,15,High,Documentation Error,249,819.09,RT-01,HCV
ORD-10449,Urban Company,SKU-1082,43,2026-04-22,2026-04-26,2026-04-23,Delivered,Z-D,0,High,,418,1265.36,RT-03,Mini Truck
ORD-10450,FirstCry,SKU-1264,191,2026-04-24,2026-04-29,,Cancelled,Z-F,0,Medium,,407,1100.3,RT-05,HCV
ORD-10451,Blinkit,SKU-1220,15,2026-04-15,2026-04-19,2026-04-16,Delivered,Z-C,0,Low,,326,1113.6,RT-02,Two Wheeler
ORD-10452,DMart,SKU-1158,145,2026-04-16,2026-04-17,,Pending,Z-H,26,Medium,Picker Shortage,483,1331.4,RT-02,HCV
ORD-10453,Pharmeasy,SKU-1295,98,2026-05-02,2026-05-03,2026-05-03,Delivered,Z-E,0,Medium,,136,580.79,RT-08,LCV
ORD-10454,DMart,SKU-1063,150,2026-04-28,2026-04-29,2026-04-30,Dispatched,Z-G,1,Medium,,443,1312.42,RT-11,HCV
ORD-10455,DMart,SKU-1225,98,2026-04-27,2026-05-02,,Cancelled,Z-F,0,High,,354,1038.3,RT-08,LCV
ORD-10456,Pharmeasy,SKU-1021,163,2026-04-23,2026-04-24,2026-04-26,Delayed,Z-A,2,High,Weather Disruption,197,582.05,RT-07,HCV
ORD-10457,Reliance Retail,SKU-1114,104,2026-04-16,2026-04-20,2026-04-23,Delayed,Z-H,3,Medium,Route Blocked,60,221.46,RT-12,HCV
ORD-10458,BigBasket,SKU-1203,115,2026-05-07,2026-05-11,2026-05-10,Dispatched,Z-F,0,Low,,253,735.66,RT-12,HCV
ORD-10459,Meesho,SKU-1058,76,2026-04-29,2026-04-30,,Pending,Z-H,13,High,Vehicle Breakdown,168,612.05,RT-10,LCV
ORD-10460,JioMart,SKU-1031,97,2026-04-18,2026-04-22,,Cancelled,Z-D,0,High,,113,549.51,RT-11,LCV
ORD-10461,Tata Cliq,SKU-1138,69,2026-04-23,2026-04-25,2026-04-24,Delivered,Z-E,0,Medium,,46,239.58,RT-12,LCV
ORD-10462,Ajio,SKU-1214,139,2026-05-07,2026-05-10,2026-05-08,Delivered,Z-B,0,Medium,,180,740.84,RT-05,HCV
ORD-10463,Snapdeal,SKU-1101,94,2026-04-13,2026-04-17,,Pending,Z-C,26,Low,Documentation Error,186,743.15,RT-10,LCV
ORD-10464,JioMart,SKU-1005,148,2026-04-18,2026-04-23,2026-04-23,Delivered,Z-C,0,Medium,,345,1159.09,RT-12,HCV
ORD-10465,Swiggy Instamart,SKU-1007,43,2026-04-15,2026-04-19,,Cancelled,Z-H,0,Medium,,63,405.5,RT-11,Three Wheeler
ORD-10466,Pharmeasy,SKU-1266,189,2026-05-13,2026-05-17,,Cancelled,Z-C,0,Low,,235,797.23,RT-10,HCV
ORD-10467,BigBasket,SKU-1018,60,2026-04-20,2026-04-22,2026-04-22,Dispatched,Z-G,0,High,,183,559.94,RT-04,LCV
ORD-10468,Boat Lifestyle,SKU-1007,99,2026-04-17,2026-04-20,2026-04-19,Delivered,Z-B,0,Low,,260,862.23,RT-08,LCV
ORD-10469,Tata Cliq,SKU-1210,95,2026-05-02,2026-05-07,2026-05-09,Dispatched,Z-F,2,High,,479,1291.45,RT-07,LCV
ORD-10470,Blinkit,SKU-1090,146,2026-04-24,2026-04-26,,Pending,Z-G,17,Medium,Documentation Error,329,943.31,RT-10,HCV
ORD-10471,BigBasket,SKU-1044,31,2026-05-11,2026-05-12,,Pending,Z-G,1,High,Route Blocked,388,1207.93,RT-09,Mini Truck
ORD-10472,Ajio,SKU-1257,153,2026-04-18,2026-04-19,2026-04-26,Delayed,Z-G,7,High,Route Blocked,287,862.77,RT-04,HCV
ORD-10473,Meesho,SKU-1063,94,2026-04-13,2026-04-17,2026-04-19,Dispatched,Z-G,2,High,,486,1358.66,RT-04,LCV
ORD-10474,FirstCry,SKU-1145,73,2026-04-15,2026-04-18,2026-04-19,Dispatched,Z-D,1,High,,465,1439.76,RT-01,LCV
ORD-10475,Amazon India,SKU-1013,44,2026-04-18,2026-04-21,2026-04-26,Delayed,Z-F,5,High,Documentation Error,128,508.93,RT-07,Mini Truck
ORD-10476,Mamaearth,SKU-1201,18,2026-04-18,2026-04-23,2026-04-24,Dispatched,Z-G,1,Low,,93,383.28,RT-06,Two Wheeler
ORD-10477,Tata Cliq,SKU-1118,30,2026-04-21,2026-04-23,,Pending,Z-G,20,Low,Weather Disruption,433,1270.73,RT-06,Mini Truck
ORD-10478,Reliance Retail,SKU-1047,11,2026-04-30,2026-05-01,,Pending,Z-C,12,High,Zone Congestion,297,888.1,RT-12,Two Wheeler
ORD-10479,Ajio,SKU-1183,52,2026-05-06,2026-05-08,2026-05-07,Delivered,Z-G,0,Medium,,342,917.94,RT-02,LCV
ORD-10480,DMart,SKU-1011,168,2026-04-25,2026-04-26,2026-04-26,Delivered,Z-B,0,High,,149,488.0,RT-03,HCV
ORD-10481,Reliance Retail,SKU-1039,131,2026-04-16,2026-04-19,,Cancelled,Z-D,0,Medium,,56,312.76,RT-01,HCV
ORD-10482,Tata Cliq,SKU-1037,129,2026-04-13,2026-04-14,2026-04-14,Delivered,Z-G,0,Medium,,329,1099.58,RT-03,HCV
ORD-10483,Snapdeal,SKU-1152,7,2026-04-15,2026-04-17,2026-04-23,Delayed,Z-A,6,High,Loading Bay Bottleneck,252,928.73,RT-10,Two Wheeler
ORD-10484,Snapdeal,SKU-1267,194,2026-05-05,2026-05-06,2026-05-06,Delivered,Z-A,0,Low,,267,907.74,RT-04,HCV
ORD-10485,Blinkit,SKU-1058,60,2026-05-13,2026-05-16,2026-05-14,Delivered,Z-C,0,Medium,,145,532.89,RT-02,LCV
ORD-10486,Blinkit,SKU-1282,171,2026-05-04,2026-05-08,2026-05-12,Delayed,Z-G,4,High,Vehicle Breakdown,133,425.74,RT-11,HCV
ORD-10487,Pharmeasy,SKU-1201,31,2026-04-25,2026-04-30,2026-05-02,Dispatched,Z-D,2,Low,,254,793.37,RT-08,Three Wheeler
ORD-10488,Mamaearth,SKU-1139,86,2026-04-24,2026-04-25,,Pending,Z-G,18,High,Loading Bay Bottleneck,196,764.47,RT-02,LCV
ORD-10489,Ajio,SKU-1085,13,2026-04-13,2026-04-18,2026-04-17,Delivered,Z-E,0,Low,,428,1339.31,RT-09,Three Wheeler
ORD-10490,JioMart,SKU-1015,34,2026-05-08,2026-05-11,2026-05-10,Dispatched,Z-F,0,High,,42,208.8,RT-06,Three Wheeler
ORD-10491,DMart,SKU-1160,36,2026-05-13,2026-05-16,2026-05-22,Delayed,Z-F,6,High,Loading Bay Bottleneck,465,1270.66,RT-02,Three Wheeler
ORD-10492,Urban Company,SKU-1108,139,2026-05-07,2026-05-08,,Pending,Z-B,5,Low,Documentation Error,354,1124.05,RT-06,HCV
ORD-10493,Swiggy Instamart,SKU-1101,55,2026-05-12,2026-05-16,,Pending,Z-E,0,Medium,Zone Congestion,68,333.2,RT-10,LCV
ORD-10494,Swiggy Instamart,SKU-1196,65,2026-04-25,2026-04-26,2026-04-26,Delivered,Z-H,0,Medium,,72,440.41,RT-07,LCV
ORD-10495,Flipkart,SKU-1273,140,2026-05-12,2026-05-15,,Pending,Z-B,0,Medium,Zone Congestion,429,1323.13,RT-12,HCV
ORD-10496,Urban Company,SKU-1140,86,2026-04-19,2026-04-22,2026-04-24,Dispatched,Z-F,2,Medium,,318,856.77,RT-05,LCV
ORD-10497,Ajio,SKU-1252,169,2026-04-13,2026-04-14,2026-04-19,Delayed,Z-B,5,High,Stock Unavailable,427,1120.1,RT-02,HCV
ORD-10498,Swiggy Instamart,SKU-1223,62,2026-05-08,2026-05-09,2026-05-09,Delivered,Z-A,0,Low,,449,1185.62,RT-01,LCV
ORD-10499,BigBasket,SKU-1024,82,2026-05-11,2026-05-14,2026-05-16,Dispatched,Z-G,2,Medium,,362,997.58,RT-03,LCV
